"PR#","Title","Author","Draft","State","Created","Action"
88,"[WIP] Close all open pull requests and tasks","Copilot",true,"open","2026-02-08T16:31:35Z","ASSESS"
85,"Add domain verification for corehub.nexus","MOTEB1989",false,"open","2026-02-08T03:27:01Z","REVIEW"
84,"Link Cloudflare website domain across documentation","Copilot",true,"open","2026-02-08T01:22:59Z","CLOSE"
83,"Comprehensive status verification - GREEN LIGHT for task closure","Copilot",true,"open","2026-02-07T23:16:26Z","CLOSE"
82,"codex/corehub-nexus-sync: add corehub.nexus sync automation and Cloudflare Pages workflow","MOTEB1989",false,"open","2026-02-07T22:05:25Z","REVIEW"
80,"مراجعة شاملة لـ 30 PR مفتوح مع تقارير وأدوات أتمتة","Copilot",true,"open","2026-02-07T20:46:05Z","CLOSE"
78,"Comprehensive analysis and merge strategy for 30 open PRs","Copilot",true,"open","2026-02-07T20:30:32Z","CLOSE"
76,"List and analyze 10 open pull requests for merge/close decision","Copilot",true,"open","2026-02-07T02:03:02Z","CLOSE"
75,"Performance Analysis: Identify and Document 14 Critical Bottlenecks","Copilot",true,"open","2026-02-06T22:06:28Z","CLOSE"
74,"Add Claude Assistant GitHub Actions Integration","Copilot",true,"open","2026-02-06T22:02:08Z","CLOSE"
73,"Add GitHub Models API integration via Azure REST AI Inference SDK","Copilot",true,"open","2026-02-06T21:51:16Z","CLOSE"
72,"Add Cloudflare Workers testing infrastructure with wrangler","Copilot",true,"open","2026-02-06T21:50:35Z","CLOSE"
71,"Add team schedule tracker: PTO, on-call, and capacity management","Copilot",true,"open","2026-02-06T21:50:06Z","CLOSE"
70,"Add ORBIT bootstrap automation with secrets management","Copilot",true,"open","2026-02-06T15:50:51Z","CLOSE"
69,"Performance: Eliminate I/O blocking, add caching (865x faster)","Copilot",true,"open","2026-02-06T15:50:40Z","CLOSE"
68,"chore(orbit): add ORBIT workers, dispatch workflows, and maintenance scripts","MOTEB1989",false,"open","2026-02-06T15:48:44Z","REVIEW"
67,"docs: add core completion handoff guide","MOTEB1989",false,"open","2026-02-06T15:43:35Z","REVIEW"
66,"Add ORBIT Self-Healing Agent with Telegram notifications","Copilot",true,"open","2026-02-06T15:37:44Z","CLOSE"
65,"Implement automated PR validation system","Copilot",true,"open","2026-02-06T15:35:02Z","CLOSE"
64,"feat(orbit): add ORBIT self-healing worker, workflow, and dedupe scripts","MOTEB1989",false,"open","2026-02-06T15:34:00Z","REVIEW"
63,"Add ORBIT Self-Healing Hybrid Agent with GitHub Actions Integration","Copilot",true,"open","2026-02-06T15:33:30Z","CLOSE"
62,"Add GitHub Actions CI/security pipelines and Cloudflare deployment workflows","MOTEB1989",false,"open","2026-02-06T15:08:54Z","REVIEW"
61,"chore(ci): add core workflows and streamlined agent runner setup","MOTEB1989",false,"open","2026-02-06T14:54:27Z","REVIEW"
60,"Add auto-generated knowledge index and metadata-first knowledge endpoints","MOTEB1989",false,"open","2026-02-06T14:52:11Z","REVIEW"
59,"Add full-stack chat app scaffold with backend (Express/Socket.io) and frontend (React/Vite)","MOTEB1989",false,"open","2026-02-06T14:18:50Z","REVIEW"
58,"Security audit: Complete comprehensive platform security assessment","Copilot",true,"open","2026-02-06T14:02:28Z","CLOSE"
57,"Add Go language support to BSM Runner","Copilot",true,"open","2026-02-06T14:02:18Z","CLOSE"
56,"تنفيذ Orchestrator Workflow - تحليل شامل للمنصة","Copilot",true,"open","2026-02-06T14:02:11Z","CLOSE"
55,"Hybrid Node.js/Go microservices architecture for BSM platform","Copilot",true,"open","2026-02-06T14:02:05Z","CLOSE"
54,"feat: add long-term organizational knowledge base generator","MOTEB1989",false,"open","2026-02-06T08:56:53Z","REVIEW"
53,"feat: add AgentOS core workflow + security and dashboard APIs","MOTEB1989",false,"open","2026-02-06T08:44:24Z","REVIEW"
52,"launch/bsm-agentos-core: add Agent Engine, security, routes, CI, and dashboard","MOTEB1989",false,"open","2026-02-06T08:44:12Z","REVIEW"
51,"ci: add Azure Web App deployment workflow","MOTEB1989",false,"open","2026-02-06T08:44:03Z","REVIEW"
50,"launch/bsm-agentos-core","MOTEB1989",false,"open","2026-02-06T08:25:06Z","REVIEW"
49,"Add BSM-AgentOS multi-provider AI integration scaffold","MOTEB1989",false,"open","2026-02-06T08:16:35Z","REVIEW"
48,"BSM-AgentOS Platform Documentation &amp; Production Readiness","Copilot",true,"open","2026-02-06T08:02:33Z","CLOSE"
47,"Build BSM-AgentOS v2.0: Multi-Agent Orchestration Platform","Copilot",true,"open","2026-02-06T08:00:57Z","CLOSE"
46,"feat: scaffold BSM-AgentOS — core engine, security policy, dashboard, and ML predictor","MOTEB1989",false,"open","2026-02-06T08:00:14Z","REVIEW"
45,"Add advanced Git commands knowledge guide","MOTEB1989",false,"open","2026-02-06T07:44:04Z","REVIEW"
44,"Setup: Install dependencies and verify platform","Copilot",true,"open","2026-02-06T07:43:40Z","CLOSE"
43,"تحسينات الأداء: Caching + Async I/O + Connection Pooling","Copilot",true,"open","2026-02-06T07:36:29Z","CLOSE"
42,"Clean up .github/agents directory","Copilot",true,"open","2026-02-06T07:34:03Z","CLOSE"
41,"Setup Cloudflare Workers infrastructure for lexchat with AI image processing","Copilot",true,"open","2026-02-06T07:31:08Z","CLOSE"
40,"Platform Verification Complete - Production Ready (Go)","Copilot",true,"open","2026-02-06T07:29:05Z","CLOSE"
39,"Add Agent Guardian workflow and agent schema validation tooling","MOTEB1989",false,"open","2026-02-06T07:25:14Z","REVIEW"
37,"نهائي: إصلاح تعارض gh-pages وتحديث CodeQL v3","Copilot",true,"open","2026-02-06T06:19:06Z","CLOSE"
36,"fix: remove gh-pages branch deployment from publish-reports workflow","Copilot",true,"open","2026-02-06T06:19:00Z","CLOSE"
35,"Fix CI workflow failures - upgrade deprecated actions and handle optional security features","Copilot",true,"open","2026-02-06T05:38:40Z","CLOSE"
34,"Fix bootstrap script P1 issues from PR#17 review","Copilot",true,"open","2026-02-06T05:37:08Z","CLOSE"
33,"ci: add agents CLI runner and hardened workflow automation","Copilot",true,"open","2026-02-06T05:28:39Z","CLOSE"
31,"feat: automate agent report publishing to Markdown and GitHub Pages","MOTEB1989",false,"open","2026-02-06T05:09:10Z","REVIEW"
30,"ci: add hardened agents runner and weekly audit workflows","MOTEB1989",false,"open","2026-02-06T05:04:50Z","REVIEW"
29,"Harden agent runner script and add production GitHub workflows for run + weekly audit","MOTEB1989",false,"open","2026-02-06T05:03:52Z","REVIEW"
27,"Standardize Node version to 22 across all workflows","MOTEB1989",false,"open","2026-02-06T04:46:11Z","REVIEW"
26,"Requested clarification on PR #17 action","Copilot",true,"open","2026-02-06T04:40:02Z","CLOSE"
25,"Merge BSM Agents automation system and infrastructure improvements","Copilot",true,"open","2026-02-06T04:34:08Z","CLOSE"
24,"docs(dns): document Cloudflare nameservers for lexdo.uk","MOTEB1989",false,"open","2026-02-06T04:32:45Z","REVIEW"
23,"docs(dns): document Cloudflare nameservers for lexdo.uk","MOTEB1989",false,"open","2026-02-06T04:32:38Z","REVIEW"
20,"Implement BSM Runner for automated build/test execution","Copilot",true,"open","2026-02-06T04:09:19Z","CLOSE"
17,"Claude/merge all prs h jo ev","MOTEB1989",false,"open","2026-02-06T03:35:31Z","REVIEW"
